"item_movement_id","requisition_number","container_quantity","item_movement_quantity","item_movement_date_time","status"
"itemmove685","int684","1","300","2017-05-25 17:18:01","Partially Fulfilled"
"itemmove724","int723","2","1000","2017-05-26 12:42:50","Fulfilled"
"undefined","req878","100","100","2017-05-31 18:40:31","Fulfilled"
"undefined","req880","5","50","2017-06-02 12:02:23","Partially Fulfilled"
"undefined","int673","5","200","2017-06-02 12:09:27","Partially Fulfilled"
"undefined","req843","","30","2017-06-02 15:49:50","Partially Fulfilled"
"itemmove1432","req1431","5","25","2017-06-13 15:41:08","Partially Fulfilled"
"itemmove1437","req1436","6","50","2017-06-13 15:45:43","Fulfilled"
"itemmove1972","req1971","5","100","2017-06-19 18:41:13","Fulfilled"
